general.village;cp_id;total_hh;propotion_oc;propotion_obc;propotion_sc;propotion_st;caste_domination_idx;road_present_y/n;angw_present_y/n;elec_present_y/n;pds_present_y/n;drnkwtr_present_y/n;mblrcep_present_y/n;amenities_0-5kms_no;amenities_5-10kms_no;amenities_10onkms_no;amenities_0kms_no;propotion_landless;comland_area;frstland_area;waterlvl_total;trctors/hh;bullck/hh;srfacewtr_no;grdwtr_no;mktlocatn_no;sold_itms_totno;sold-items_no;Sold-items_in-localmkts_no_no;Sold-items_to-villagers_no;Sold-items_to-traders_no_no;hh_health-insur_propotion;hh_NREGA_propotion;hh_PDS_propotion;hh_not-suff-food-supply_propotion;hh_pvt-money-lnder_propotion;child_sex_ratio;f_entre_no;gls_primary-school_propotion;gls_middle-school_propotion;brides_<15yrs_propotion;social-ids_oc_no;social-ids_obc_no;social-ids_sc_no;social-ids_st_no;agricultural-as-prim_propotion;others-as-prim_propotion;labours-as-prim_propotion;livestock-as-prim_propotion;resource_based-others-as-prim_propotion;trade/biz-as-prim_propotion;agricultural-as-prim_income-ids_count;others-as-prim_income-ids_count;labours-as-prim_income-ids_count;livestock-as-prim_income-ids_count;resource_based-others-as-prim_income-ids_count;trade/biz-as-prim_income-ids_count;diversification_index
101;1;89.0;0.0561797752809;0.831460674157;0.112359550562;0.0;0.707107688423;1;1;1;0;1;1;0;3;2;2;0.134831460674;125;20;12;0.0786516853933;0.224719101124;0;0;4;0;13;0;0;13;0.123595505618;0.449438202247;0.842696629213;0.955056179775;0.0561797752809;1.51111111111;0;0.910256410256;0.45;0.12;1;7;1;0;0.0;0.269662921348;0.0561797752809;0.370786516854;0.0;0.303370786517;0;2;1;3;0;4;0.305390733493
102;1;150.0;0.0;1.0;0.0;0.0;1.0;1;1;1;0;1;1;0;0;5;2;0.653333333333;110;150;12;0.0533333333333;0.0333333333333;0;1;3;0;13;0;0;13;0.166666666667;0.6;0.9;0.986666666667;0.133333333333;0.733333333333;0;0.826086956522;0.0;0.166666666667;0;1;0;0;0.0;0.133333333333;0.4;0.246666666667;0.04;0.18;0;1;2;3;2;2;0.272622222222
103;1;32.0;0.4375;0.5625;0.0;0.0;0.5078125;1;0;1;0;1;1;0;3;2;2;0.28125;200;0;15;0.0;0.25;0;1;3;0;11;0;2;11;0.21875;0.46875;0.84375;0.75;0.0;0.75;0;0.666666666667;1.0;0.285714285714;4;2;0;0;0.0;0.03125;0.5625;0.375;0.0;0.03125;0;1;1;3;0;1;0.458984375
104;1;218.0;0.261467889908;0.738532110092;0.0;0.0;0.61379513509;1;1;1;1;1;1;0;4;0;3;0.100917431193;190;30;12;0.0321100917431;0.114678899083;1;3;2;0;14;2;1;14;0.275229357798;0.137614678899;0.940366972477;0.949541284404;0.0366972477064;1.16666666667;0;0.78313253012;0.53125;0.142857142857;5;11;0;0;0.0917431192661;0.165137614679;0.0963302752294;0.229357798165;0.0;0.417431192661;1;3;2;3;0;6;0.271820553825
105;1;126.0;0.00793650793651;0.761904761905;0.230158730159;0.0;0.63353489544;1;1;1;0;1;1;0;0;5;2;0.174603174603;150;180;12;0.0238095238095;0.253968253968;1;1;3;0;12;0;1;12;0.119047619048;0.650793650794;0.888888888889;0.944444444444;0.0634920634921;1.15789473684;0;1.33333333333;0.285714285714;0.0666666666667;1;4;4;0;0.0;0.0555555555556;0.0555555555556;0.674603174603;0.0;0.214285714286;0;1;1;4;0;2;0.507180650038
106;1;204.0;0.0;0.960784313725;0.0392156862745;0.0;0.924644367551;1;1;1;0;1;1;0;0;5;2;0.122549019608;138;0;12;0.122549019608;0.245098039216;1;8;3;0;13;0;1;13;0.0490196078431;0.490196078431;0.808823529412;0.941176470588;0.0294117647059;1.51612903226;0;0.878048780488;0.578947368421;0.0;0;9;1;0;0.0;0.0686274509804;0.598039215686;0.21568627451;0.0;0.117647058824;0;1;2;3;0;2;0.422722029988
107;1;75.0;0.466666666667;0.466666666667;0.0666666666667;0.0;0.44;1;1;1;0;1;1;0;5;0;2;0.133333333333;485;0;12;0.04;0.213333333333;0;1;3;0;13;0;1;13;0.0666666666667;0.24;0.8;0.96;0.0666666666667;1.4;0;0.870967741935;0.25;0.0;3;4;1;0;0.0;0.04;0.56;0.373333333333;0.0;0.0266666666667;0;1;1;3;0;1;0.455288888889
108;1;42.0;0.0714285714286;0.928571428571;0.0;0.0;0.867346938776;1;1;1;0;1;1;0;0;5;2;0.285714285714;165;55;11;0.119047619048;0.214285714286;1;0;2;0;12;0;2;12;0.047619047619;0.0;0.833333333333;0.952380952381;0.047619047619;1.27272727273;0;0.75;0.5;0.2;3;6;0;0;0.0;0.0952380952381;0.0;0.404761904762;0.0;0.5;0;1;0;3;0;2;0.422902494331
109;1;45.0;0.777777777778;0.222222222222;0.0;0.0;0.654320987654;1;1;1;0;1;1;0;0;5;2;0.244444444444;180;8;12;0.0444444444444;0.133333333333;0;4;3;0;10;0;1;10;0.244444444444;0.755555555556;0.844444444444;0.977777777778;0.111111111111;1.14285714286;0;0.8;0.666666666667;1.0;2;3;0;0;0.0;0.133333333333;0.177777777778;0.244444444444;0.0;0.444444444444;0;1;2;2;0;2;0.306666666667
110;1;141.0;0.687943262411;0.290780141844;0.0212765957447;0.0;0.558271716714;1;1;1;0;1;1;0;0;5;2;0.141843971631;160;0;12;0.248226950355;0.425531914894;0;2;2;0;11;0;4;11;0.0354609929078;1.06382978723;0.921985815603;0.943262411348;0.0283687943262;1.27272727273;0;0.923076923077;0.791666666667;0.0363636363636;2;2;1;0;0.0;0.184397163121;0.482269503546;0.248226950355;0.0;0.0851063829787;0;1;2;3;0;2;0.335445903124
111;1;100.0;0.02;0.98;0.0;0.0;0.9608;1;1;1;0;1;1;5;0;0;2;0.2;120;0;12;0.11;0.1;1;36;2;0;11;0;1;11;0.15;0.75;0.8;0.95;0.09;0.848484848485;0;0.631578947368;0.333333333333;0.125;1;5;0;0;0.0;0.0;0.4;0.18;0.0;0.42;0;0;2;3;0;2;0.3688
112;1;104.0;0.0;1.0;0.0;0.0;1.0;1;1;1;0;1;1;1;4;0;2;0.144230769231;115;0;10;0.240384615385;0.115384615385;0;35;2;0;12;0;1;12;0.192307692308;0.0;0.865384615385;0.951923076923;0.0;1.42857142857;0;0.545454545455;0.363636363636;0.333333333333;0;7;0;0;0.0;0.0;0.0961538461538;0.413461538462;0.0;0.490384615385;0;0;1;3;0;2;0.420673076923
113;1;40.0;0.0;1.0;0.0;0.0;1.0;1;1;1;0;1;1;0;0;5;2;0.125;165;0;10;0.125;0.2;0;1;2;0;16;0;1;16;0.075;0.925;0.8;1.0;0.125;1.2;0;0.823529411765;0.0;0.25;0;2;0;0;0.0;0.0;0.05;0.475;0.0;0.475;0;0;1;3;0;1;0.45375
115;1;48.0;0.520833333333;0.4375;0.0416666666667;0.0;0.464409722222;1;1;1;0;1;1;0;4;1;2;0.3125;175;15;15;0.166666666667;0.229166666667;1;5;1;0;19;0;0;19;0.0416666666667;0.104166666667;0.791666666667;0.6875;0.416666666667;1.45454545455;0;0.833333333333;0.583333333333;0.166666666667;5;2;2;0;0.541666666667;0.104166666667;0.0;0.3125;0.0;0.0416666666667;4;1;0;3;0;2;0.403645833333
116;1;273.0;0.010989010989;0.904761904762;0.0842490842491;0.0;0.825812770868;1;1;1;1;1;1;0;1;4;2;0.0915750915751;55;0;12;0.190476190476;0.0842490842491;0;3;2;0;16;0;2;16;0.128205128205;0.549450549451;0.934065934066;0.956043956044;0.029304029304;0.942148760331;0;0.816993464052;0.461538461538;0.0615384615385;3;8;2;0;0.179487179487;0.043956043956;0.377289377289;0.373626373626;0.0;0.025641025641;2;2;2;3;0;1;0.316749184881
117;1;52.0;0.230769230769;0.769230769231;0.0;0.0;0.644970414201;1;1;1;0;1;1;0;0;5;2;0.153846153846;145;65;12;0.134615384615;0.384615384615;0;1;2;0;13;0;0;13;0.0384615384615;0.673076923077;0.865384615385;0.903846153846;0.115384615385;0.846153846154;0;0.807692307692;0.444444444444;0.1;1;3;0;0;0.0;0.0769230769231;0.153846153846;0.288461538462;0.0;0.480769230769;0;2;2;3;0;1;0.343934911243
118;1;119.0;0.352941176471;0.420168067227;0.226890756303;0.0;0.352588094061;1;1;1;0;1;1;4;0;1;2;0.0840336134454;118;38;12;0.0504201680672;0.252100840336;0;4;1;0;13;0;0;13;0.0336134453782;0.0;0.915966386555;0.957983193277;0.0420168067227;0.714285714286;0;0.807692307692;0.533333333333;0.133333333333;7;9;1;0;0.0924369747899;0.218487394958;0.100840336134;0.302521008403;0.0;0.285714285714;1;2;2;3;0;2;0.239601723042
119;1;317.0;0.84858044164;0.104100946372;0.0473186119874;0.0;0.733164824011;1;1;1;1;1;1;0;2;2;3;0.1261829653;75;50;15;0.0788643533123;0.135646687697;0;2;2;0;14;0;0;14;0.0252365930599;0.394321766562;0.91167192429;0.895899053628;0.220820189274;1.30909090909;0;0.823529411765;0.533333333333;0.0769230769231;12;4;1;0;0.671924290221;0.0820189274448;0.0788643533123;0.119873817035;0.0;0.0473186119874;3;1;2;3;0;2;0.481037725522
120;1;78.0;0.833333333333;0.0128205128205;0.153846153846;0.0;0.718277449047;1;1;1;0;1;1;0;1;4;2;0.153846153846;60;0;11;0.0641025641026;0.307692307692;0;13;1;0;14;0;0;14;0.102564102564;0.897435897436;0.871794871795;0.923076923077;0.128205128205;0.904761904762;0;0.897959183673;0.789473684211;0.25;1;1;1;0;0.0;0.25641025641;0.294871794872;0.269230769231;0.0;0.179487179487;0;2;2;3;0;2;0.257396449704
201;2;174.0;0.0;0.0977011494253;0.0;0.902298850575;0.823688730347;1;1;1;1;0;1;4;2;0;1;0.051724137931;0;525;14;0.0459770114943;1.72413793103;0;104;16;0;9;5;2;9;0.0;0.862068965517;0.890804597701;0.172413793103;0.689655172414;0.791666666667;1;0.916666666667;0.740740740741;0.0;0;2;0;2;0.718390804598;0.0344827586207;0.241379310345;0.0;0.0;0.00574712643678;9;2;3;0;0;1;0.575571409697
203;2;246.0;0.0;0.670731707317;0.0121951219512;0.317073170732;0.550565139798;1;1;1;1;1;1;5;0;0;2;0.0813008130081;0;400;8;0.020325203252;0.813008130081;0;163;16;0;14;7;2;12;0.020325203252;1.0162601626;1.12601626016;0.121951219512;0.813008130081;1.11111111111;3;0.967032967033;0.861111111111;0.0;0;2;1;3;0.731707317073;0.0365853658537;0.130081300813;0.0284552845528;0.00406504065041;0.0691056910569;8;2;3;2;1;2;0.559257055985
204;2;305.0;0.0;0.275409836066;0.0983606557377;0.626229508197;0.477688793335;1;1;1;1;0;1;5;0;0;2;0.0426229508197;0;400;9;0.016393442623;0.983606557377;0;79;16;0;11;4;0;11;0.0327868852459;0.55737704918;0.698360655738;0.0983606557377;0.524590163934;0.902912621359;3;0.965517241379;0.909090909091;0.0;0;4;1;3;0.619672131148;0.0524590163934;0.245901639344;0.016393442623;0.0327868852459;0.0327868852459;8;1;3;2;1;2;0.449631819403
205;2;311.0;0.0;0.0192926045016;0.016077170418;0.96463022508;0.931142151136;1;1;1;1;1;1;0;3;0;4;0.0257234726688;0;350;8;0.0353697749196;1.44694533762;2;172;14;0;10;5;0;10;0.016077170418;0.8038585209;0.96463022508;0.064308681672;0.64308681672;0.905109489051;5;0.905982905983;0.864864864865;0.0;0;3;1;2;0.704180064309;0.032154340836;0.225080385852;0.0225080385852;0.0064308681672;0.0096463022508;7;2;3;2;1;2;0.548205663713
206;2;307.0;0.00977198697068;0.192182410423;0.0488599348534;0.749185667752;0.600696028605;1;1;1;1;1;1;0;4;0;3;0.162866449511;0;400;12;0.00977198697068;0.749185667752;1;92;14;0;12;7;3;11;0.0325732899023;0.390879478827;0.977198697068;0.0651465798046;0.260586319218;0.766666666667;5;0.952380952381;0.901234567901;0.0;1;6;1;1;0.726384364821;0.0553745928339;0.14983713355;0.00977198697068;0.00651465798046;0.0521172638436;8;2;3;2;1;3;0.556005899267
207;2;298.0;0.0;0.0570469798658;0.0;0.942953020134;0.892414756092;1;1;1;1;1;1;1;0;3;3;0.0503355704698;0;300;13;0.0134228187919;1.67785234899;3;170;7;0;10;3;1;10;0.0335570469799;1.0067114094;1.0067114094;0.0671140939597;0.906040268456;1.04;3;0.934782608696;0.844444444444;0.0;0;2;0;3;0.701342281879;0.0167785234899;0.231543624161;0.0335570469799;0.0;0.0167785234899;9;1;3;2;0;1;0.547182559344
208;2;300.0;0.0;0.0133333333333;0.0;0.986666666667;0.973688888889;1;1;1;1;1;1;6;0;0;1;0.166666666667;0;500;7;0.0166666666667;1.5;0;63;16;0;15;5;5;10;0.05;0.933333333333;1.0;0.5;0.833333333333;1.43548387097;6;0.95145631068;0.9;0.0;0;1;0;5;0.433333333333;0.0333333333333;0.443333333333;0.0;0.00666666666667;0.0833333333333;7;2;4;0;1;4;0.392422222222
209;2;41.0;0.0731707317073;0.0;0.0975609756098;0.829268292683;0.70255800119;1;0;1;0;0;1;6;0;0;1;0.243902439024;0;300;12;0.0;0.975609756098;1;10;13;0;11;6;3;8;0.0;0.853658536585;0.975609756098;0.243902439024;0.731707317073;1.03448275862;0;0.8;0.75;0.0;1;0;1;2;0.658536585366;0.0487804878049;0.268292682927;0.0;0.0;0.0243902439024;5;2;3;0;0;1;0.508625817965
210;2;126.0;0.0714285714286;0.539682539683;0.0634920634921;0.325396825397;0.406273620559;1;1;1;1;1;1;4;0;0;3;0.31746031746;0;300;10;0.031746031746;0.47619047619;0;16;14;0;14;8;1;11;0.0793650793651;0.714285714286;0.634920634921;0.198412698413;0.47619047619;1.68421052632;0;0.915254237288;0.864864864865;0.0;1;5;1;3;0.587301587302;0.119047619048;0.222222222222;0.0238095238095;0.0;0.047619047619;7;2;2;1;0;1;0.411312673217
211;2;201.0;0.0;0.0;0.0;1.0;1.0;1;1;1;1;0;1;0;4;0;3;0.0298507462687;0;400;12;0.0;0.995024875622;5;8;15;0;14;8;2;10;0.0248756218905;0.89552238806;0.995024875622;0.0995024875622;0.0597014925373;0.615384615385;0;0.866666666667;0.857142857143;0.633333333333;0;0;0;3;0.756218905473;0.0149253731343;0.174129353234;0.0348258706468;0.00995024875622;0.00995024875622;7;1;2;2;1;1;0.603821687582
212;2;136.0;0.00735294117647;0.0294117647059;0.00735294117647;0.955882352941;0.914684256055;1;1;1;0;1;1;6;0;0;1;0.147058823529;0;400;9;0.0220588235294;1.10294117647;1;6;9;0;11;5;0;11;0.0367647058824;0.955882352941;0.992647058824;0.220588235294;0.955882352941;1.42105263158;0;0.905660377358;0.8;0.0;1;2;1;3;0.654411764706;0.0367647058824;0.213235294118;0.0367647058824;0.0367647058824;0.0220588235294;7;2;3;2;1;2;0.478265570934
213;2;66.0;0.878787878788;0.0757575757576;0.0;0.0454545454545;0.780073461892;1;1;1;0;0;1;1;2;2;2;0.030303030303;0;500;5;0.0606060606061;0.454545454545;1;5;9;0;11;5;1;10;0.0;0.757575757576;0.909090909091;0.181818181818;0.909090909091;0.892857142857;0;0.875;0.75;0.0;1;1;0;1;0.69696969697;0.0606060606061;0.242424242424;0.0;0.0;0.0;5;1;2;0;0;0;0.548209366391
214;2;311.0;0.016077170418;0.0900321543408;0.0096463022508;0.88424437299;0.790345426536;1;1;1;1;1;1;1;0;1;5;0.257234726688;0;600;11;0.0257234726688;0.96463022508;1;22;16;0;15;8;3;13;0.096463022508;0.546623794212;0.8038585209;0.48231511254;0.8038585209;1.32352941176;2;0.93023255814;0.894736842105;0.0;1;4;1;4;0.581993569132;0.0514469453376;0.334405144695;0.0128617363344;0.0;0.0192926045016;6;2;4;1;0;3;0.453727732344
215;2;59.0;0.0;0.135593220339;0.0;0.864406779661;0.765584602126;1;1;1;1;1;1;2;0;1;4;0.101694915254;0;150;12;0.0508474576271;3.38983050847;0;38;13;0;10;5;0;10;0.0508474576271;1.10169491525;1.18644067797;0.338983050847;0.847457627119;1.22857142857;1;0.740740740741;0.757575757576;0.0;0;3;0;3;0.457627118644;0.0169491525424;0.423728813559;0.0338983050847;0.0677966101695;0.0;5;1;3;1;1;0;0.395001436369
216;2;113.0;0.00884955752212;0.106194690265;0.0;0.884955752212;0.794502310283;1;1;1;0;1;1;2;2;1;2;0.0619469026549;0;400;14;0.0176991150442;1.32743362832;0;52;15;0;9;4;2;8;0.0442477876106;1.06194690265;0.973451327434;0.070796460177;0.973451327434;0.90625;0;0.884615384615;0.833333333333;0.0;1;2;0;2;0.610619469027;0.0176991150442;0.238938053097;0.0353982300885;0.070796460177;0.0265486725664;8;1;3;1;1;1;0.437230793328
217;2;42.0;0.0;0.0;0.0;1.0;1.0;0;1;1;0;0;1;0;0;5;2;0.0238095238095;0;500;12;0.0;1.42857142857;0;2;15;0;8;3;2;6;0.0;0.952380952381;0.97619047619;0.0714285714286;1.0;1.2380952381;0;0.882352941176;0.868421052632;0.0;0;0;0;2;0.595238095238;0.047619047619;0.333333333333;0.0238095238095;0.0;0.0;4;1;2;1;0;0;0.468253968254
218;2;180.0;0.0;0.0222222222222;0.00555555555556;0.972222222222;0.945740740741;1;1;1;1;1;1;2;0;2;3;0.0833333333333;0;400;12;0.0111111111111;1.66666666667;0;7;16;0;13;7;2;10;0.0666666666667;1.0;0.833333333333;0.333333333333;0.555555555556;0.666666666667;0;0.941176470588;0.921052631579;0.0;0;3;1;3;0.738888888889;0.0555555555556;0.172222222222;0.0222222222222;0.0;0.0111111111111;6;2;2;1;0;2;0.579320987654
219;2;57.0;0.0;0.0701754385965;0.0;0.929824561404;0.869498307171;1;1;1;0;0;1;4;0;2;1;0.0;0;600;12;0.0350877192982;1.40350877193;0;5;13;0;12;4;3;9;0.0;0.789473684211;0.964912280702;0.350877192982;0.789473684211;0.833333333333;0;0.777777777778;0.571428571429;0.0;0;1;0;2;0.508771929825;0.0;0.456140350877;0.0;0.0;0.0350877192982;4;0;3;0;0;1;0.468144044321
220;2;454.0;0.0;0.00220264317181;0.00660792951542;0.991189427313;0.982504997186;1;1;1;1;0;1;2;0;0;5;0.242290748899;0;1700;12;0.0176211453744;1.32158590308;0;17;14;0;15;8;1;14;0.11013215859;0.881057268722;0.903083700441;0.550660792952;0.770925110132;0.88961038961;0;0.925925925926;0.921052631579;0.0;0;1;1;3;0.702643171806;0.0396475770925;0.24449339207;0.00660792951542;0.0;0.00660792951542;9;2;3;2;0;2;0.555143705486
301;3;338.0;0.0;0.186390532544;0.00887573964497;0.804733727811;0.682416582052;1;1;1;0;0;1;2;0;2;3;0.207100591716;0;250;8;0.00295857988166;1.47928994083;1;14;9;0;15;0;4;12;0.0;0.887573964497;0.739644970414;0.502958579882;0.591715976331;1.05882352941;0;0.888888888889;0.666666666667;0.0;0;3;1;2;0.310650887574;0.0355029585799;0.636094674556;0.0;0.0;0.0177514792899;4;2;5;0;0;2;0.502695984034
302;3;171.0;0.00584795321637;0.245614035088;0.00584795321637;0.74269005848;0.61198317431;1;1;1;1;1;1;5;0;1;1;0.146198830409;0;0;6;0.0116959064327;1.52046783626;0;9;5;0;14;1;2;12;0.0;0.877192982456;0.643274853801;0.321637426901;0.292397660819;1.38888888889;0;1.0;1.0;0.0;1;3;1;4;0.526315789474;0.0233918128655;0.397660818713;0.0;0.0;0.0526315789474;4;2;4;0;0;3;0.438459697001
303;3;176.0;0.0;0.0113636363636;0.00568181818182;0.982954545455;0.966361053719;1;1;1;0;0;1;5;0;0;2;0.170454545455;0;200;8;0.0113636363636;0.681818181818;0;9;4;0;11;1;1;10;0.0;0.852272727273;0.681818181818;0.539772727273;0.170454545455;1.04651162791;0;1.0;1.0;0.0;0;1;1;3;0.284090909091;0.0454545454545;0.602272727273;0.0;0.0;0.0681818181818;3;1;3;0;0;3;0.450154958678
304;3;503.0;0.0;0.0198807157058;0.00198807157058;0.978131212724;0.95713986459;1;1;1;0;0;1;2;1;1;3;0.0894632206759;10;40;9;0.00795228628231;1.98807157058;0;15;8;0;15;0;5;14;0.0994035785288;0.914512922465;0.695825049702;0.795228628231;0.596421471173;1.08695652174;0;0.894736842105;0.833333333333;0.0;0;2;1;3;0.214711729622;0.0238568588469;0.721669980119;0.0;0.0;0.0397614314115;4;2;6;0;0;3;0.569058808185
305;3;174.0;0.0229885057471;0.0114942528736;0.00574712643678;0.959770114943;0.921852292245;1;1;1;0;0;1;3;0;2;2;0.229885057471;0;0;6;0.00574712643678;0.574712643678;1;5;7;0;11;0;1;10;0.0574712643678;0.51724137931;0.344827586207;0.689655172414;0.344827586207;0.976744186047;0;0.777777777778;0.833333333333;0.0;1;1;1;2;0.402298850575;0.0172413793103;0.534482758621;0.0;0.0;0.0459770114943;4;1;5;0;0;3;0.449927335183
306;3;80.0;0.0;0.0;0.0;1.0;1.0;1;1;1;0;0;1;1;4;1;1;0.125;90;0;7;0.0125;1.875;0;7;8;0;13;0;4;11;0.0;0.75;1.0;0.625;0.75;1.11428571429;0;0.625;0.4;0.0;0;0;0;2;0.1375;0.025;0.8125;0.0;0.0;0.025;3;1;4;0;0;2;0.6803125
307;3;345.0;0.0;0.0260869565217;0.0;0.973913043478;0.949187145558;1;1;1;1;0;1;1;1;2;3;0.0579710144928;0;250;9;0.00579710144928;1.73913043478;0;11;9;0;15;1;7;13;0.0;0.666666666667;0.724637681159;0.231884057971;0.144927536232;1.2;0;0.818181818182;0.5;0.0;0;3;0;5;0.652173913043;0.0347826086957;0.269565217391;0.0;0.0;0.0434782608696;5;2;2;0;0;4;0.501096408318
308;3;410.0;0.0;0.0780487804878;0.00731707317073;0.914634146341;0.842700773349;1;1;1;1;1;1;2;1;0;4;0.0731707317073;0;150;11;0.0243902439024;1.70731707317;0;11;8;0;12;2;5;9;0.0;0.99512195122;0.878048780488;0.146341463415;0.0731707317073;0.968992248062;0;1.0;1.0;0.0;0;9;1;6;0.40243902439;0.0707317073171;0.426829268293;0.0;0.0;0.1;4;2;4;0;0;6;0.359143367043
309;3;151.0;0.0;0.0794701986755;0.0198675496689;0.900662251656;0.817902723565;1;1;1;0;1;1;3;2;0;2;0.165562913907;0;250;15;0.0198675496689;0.529801324503;1;7;6;0;11;1;1;9;0.0;0.827814569536;0.993377483444;0.496688741722;0.496688741722;0.865384615385;0;0.636363636364;0.714285714286;0.0;0;2;1;3;0.304635761589;0.046357615894;0.596026490066;0.0;0.0;0.0529801324503;4;2;2;0;0;2;0.453006447086
310;3;50.0;0.0;0.1;0.0;0.9;0.82;1;1;1;0;1;1;4;1;1;1;0.2;0;0;7;0.02;1.2;2;3;7;0;11;1;5;10;0.3;0.9;0.9;0.7;0.4;1.33333333333;0;0.714285714286;0.1;0.0;0;1;0;2;0.1;0.04;0.82;0.0;0.0;0.04;2;1;5;0;0;2;0.6856
311;3;105.0;0.0;0.0;0.0;1.0;1.0;1;1;1;0;0;1;0;4;2;1;0.114285714286;0;0;8;0.0;0.761904761905;2;5;6;0;8;1;2;7;0.0;0.904761904762;0.666666666667;0.571428571429;0.571428571429;0.875;0;0.833333333333;0.5;0.0;0;0;0;1;0.266666666667;0.0571428571429;0.666666666667;0.0;0.0;0.00952380952381;3;1;4;0;0;1;0.518911564626
312;3;210.0;0.0;0.538095238095;0.0;0.461904761905;0.502902494331;1;1;1;0;1;1;1;3;1;2;0.047619047619;0;0;7;0.0571428571429;1.90476190476;1;13;9;0;13;1;5;11;0.0;0.904761904762;0.904761904762;0.238095238095;0.333333333333;1.33333333333;0;0.666666666667;0.666666666667;0.0;0;5;0;3;0.333333333333;0.047619047619;0.571428571429;0.0;0.0;0.047619047619;4;2;4;0;0;2;0.442176870748
313;3;289.0;0.0;0.0138408304498;0.0692041522491;0.916955017301;0.84578728703;1;1;1;0;1;1;2;2;0;3;0.121107266436;0;250;6;0.0276816608997;1.73010380623;1;11;7;0;14;0;7;12;0.0;0.968858131488;0.692041522491;0.311418685121;0.692041522491;1.02941176471;0;0.875;0.571428571429;0.0;0;1;1;2;0.301038062284;0.0138408304498;0.640138408304;0.0;0.0;0.0449826989619;3;2;5;0;0;3;0.502616108524
314;3;322.0;0.0248447204969;0.0124223602484;0.0155279503106;0.947204968944;0.898209945604;1;1;1;0;1;1;2;3;0;2;0.124223602484;0;150;6;0.0124223602484;1.55279503106;1;6;5;0;14;1;6;11;0.0;0.978260869565;0.993788819876;0.27950310559;0.465838509317;1.02857142857;0;0.777777777778;0.625;0.0;1;1;1;2;0.621118012422;0.0745341614907;0.254658385093;0.0;0.0;0.0496894409938;5;3;4;0;0;3;0.458662860229
315;3;162.0;0.0;0.179012345679;0.0185185185185;0.802469135802;0.676345069349;1;1;1;1;1;1;1;3;0;3;0.197530864198;0;0;10;0.0432098765432;0.925925925926;1;10;6;0;13;1;3;11;0.0;0.833333333333;0.617283950617;0.740740740741;0.154320987654;0.976744186047;0;0.777777777778;0.833333333333;0.0;0;4;1;1;0.524691358025;0.0802469135802;0.345679012346;0.0;0.0;0.0493827160494;4;2;3;0;0;2;0.403673220546
316;3;256.0;0.0;0.015625;0.00390625;0.98046875;0.961578369141;1;1;1;0;1;1;3;2;0;2;0.0390625;0;0;15;0.015625;1.953125;1;8;6;0;16;1;8;14;0.0;0.9375;0.2734375;0.1953125;0.1953125;1.11111111111;0;0.7;0.5;0.0;0;3;1;2;0.48828125;0.0234375;0.4375;0.01171875;0.0;0.0390625;4;2;6;1;0;3;0.432037353516
317;3;147.0;0.0;0.102040816327;0.0136054421769;0.884353741497;0.792678976352;1;1;1;1;1;1;3;2;0;2;0.170068027211;0;0;6;0.0340136054422;2.44897959184;0;7;6;0;11;1;3;9;0.0;0.884353741497;0.816326530612;0.612244897959;0.510204081633;0.964705882353;0;1.0;1.0;0.0;0;4;1;1;0.30612244898;0.0680272108844;0.544217687075;0.0;0.0;0.0816326530612;2;2;4;0;0;3;0.401175436161
318;3;99.0;0.0;0.0;0.0;1.0;1.0;1;1;1;0;0;1;4;0;2;1;0.030303030303;200;250;6;0.0;1.51515151515;0;7;6;0;9;2;2;7;0.0;0.959595959596;0.656565656566;0.656565656566;0.707070707071;1.34375;0;1.0;1.0;0.0;0;0;0;2;0.151515151515;0.020202020202;0.808080808081;0.0;0.0;0.020202020202;2;1;4;0;0;1;0.676767676768
319;3;282.0;0.0;0.13475177305;0.0248226950355;0.840425531915;0.725089281223;1;1;1;0;1;1;4;1;0;2;0.0354609929078;0;100;5;0.0177304964539;1.41843971631;1;12;6;0;12;1;5;9;0.0;0.780141843972;0.602836879433;0.443262411348;0.531914893617;0.823529411765;0;0.666666666667;0.75;0.0;0;4;1;4;0.443262411348;0.0425531914894;0.492907801418;0.0;0.0;0.0212765957447;4;2;5;0;0;2;0.441703133645
320;3;338.0;0.0976331360947;0.0443786982249;0.0177514792899;0.840236686391;0.717814502293;1;1;1;1;1;1;0;0;2;5;0.147928994083;0;0;15;0.0118343195266;2.07100591716;0;5;7;0;15;1;6;11;0.0;0.94674556213;0.798816568047;0.325443786982;0.443786982249;0.897435897436;0;0.857142857143;0.7;0.0;2;4;1;4;0.591715976331;0.0414201183432;0.355029585799;0.0;0.0;0.0118343195266;4;2;3;0;0;1;0.47802948076
501;5;35.0;0.0;0.0;0.228571428571;0.771428571429;0.647346938776;1;1;1;0;0;1;1;0;5;1;0.0;20;225;15;0.0;2.0;0;7;2;0;23;3;6;15;0.857142857143;0.857142857143;0.857142857143;0.0285714285714;0.142857142857;0.666666666667;7;1.0;1.0;0.0;0;0;1;4;0.0;0.0;1.0;0.0;0.0;0.0;0;0;2;0;0;0;1.0
502;5;18.0;0.0;0.0;0.0;1.0;1.0;1;0;1;0;0;1;1;2;4;0;0.0;0;60;15;0.0;0.333333333333;0;4;2;0;30;14;16;9;1.0;0.944444444444;1.0;1.0;1.0;2.66666666667;0;3.0;3.0;0.0;0;0;0;1;0.0;0.0;0.722222222222;0.0;0.277777777778;0.0;0;0;2;0;1;0;0.598765432099
503;5;23.0;0.0;0.0;0.0434782608696;0.95652173913;0.916824196597;1;1;1;1;0;1;1;0;5;1;0.173913043478;0;20;15;0.0;1.30434782609;0;3;2;0;25;7;17;13;0.95652173913;0.95652173913;0.869565217391;0.434782608696;0.95652173913;4.0;0;0.5;0.0;0.0;0;0;1;8;0.0434782608696;0.0;0.869565217391;0.0;0.0;0.0869565217391;1;0;2;0;0;2;0.765595463138
504;5;12.0;0.0;0.0;0.0;1.0;1.0;0;0;1;0;0;1;7;0;0;0;0.0;6;30;15;0.0;2.0;0;2;2;0;20;2;7;12;0.333333333333;1.0;1.0;0.333333333333;0.0;1.5;12;1.0;0.0;0.375;0;0;0;4;0.0;0.0;1.0;0.0;0.0;0.0;0;0;1;0;0;0;1.0
505;5;24.0;0.0;0.0;0.125;0.875;0.78125;0;1;1;0;0;1;6;0;0;1;0.0833333333333;15;92;15;0.0;2.08333333333;0;5;2;0;20;5;7;8;0.833333333333;0.666666666667;1.125;0.166666666667;0.416666666667;1.2;5;1.0;1.0;0.0;0;0;2;5;0.0;0.0;1.0;0.0;0.0;0.0;0;0;1;0;0;0;1.0
506;5;10.0;0.0;0.0;0.0;1.0;1.0;1;1;1;0;0;0;1;1;4;1;0.0;20;70;15;0.0;4.5;0;1;2;0;25;12;19;13;0.7;1.0;0.8;0.4;1.0;1.0;4;1.0;1.0;0.0;0;0;0;4;1.0;0.0;0.0;0.0;0.0;0.0;2;0;0;0;0;0;1.0
508;5;151.0;0.0;0.0;0.145695364238;0.854304635762;0.751063549844;1;1;1;0;1;1;1;0;4;2;0.0794701986755;5;0;15;0.0132450331126;1.98675496689;0;13;4;0;25;7;10;10;0.794701986755;0.496688741722;0.496688741722;0.0132450331126;0.198675496689;1.14285714286;1;0.625;0.666666666667;0.0;0;0;11;10;0.311258278146;0.0662251655629;0.476821192053;0.0;0.0662251655629;0.0794701986755;6;1;3;0;1;3;0.33932722249
509;5;197.0;0.00507614213198;0.0;0.0;0.994923857868;0.989899250174;1;1;1;0;0;1;1;0;4;2;0.010152284264;5;8;10;0.010152284264;2.03045685279;0;12;5;0;22;7;17;10;0.507614213198;0.507614213198;0.406091370558;0.010152284264;0.989847715736;0.75;0;0.7;0.875;0.0;1;0;0;16;0.203045685279;0.10152284264;0.532994923858;0.0;0.10152284264;0.0609137055838;3;1;4;0;1;3;0.349635393852
510;5;200.0;0.0;0.0;0.0;1.0;1.0;1;1;1;0;0;1;1;3;0;3;0.27;2;200;100;0.02;1.0;0;6;1;0;18;2;11;5;0.7;0.75;0.75;0.5;0.03;1.5;0;0.833333333333;0.454545454545;0.4;0;0;0;11;0.0;0.075;0.865;0.0;0.0;0.06;0;1;5;0;0;3;0.75745
511;5;45.0;0.0;0.0;0.0;1.0;1.0;1;1;1;0;0;1;1;5;0;1;0.0444444444444;6;280;66;0.0;1.22222222222;0;4;2;0;28;12;14;15;0.777777777778;0.777777777778;0.888888888889;0.444444444444;1.0;1.5;1;1.0;1.0;0.0833333333333;0;0;0;8;0.133333333333;0.0;0.822222222222;0.0;0.0444444444444;0.0;2;0;3;0;1;0;0.695802469136
512;5;58.0;0.0;0.0;0.0344827586207;0.965517241379;0.933412604043;1;1;1;0;1;1;1;5;0;1;0.0172413793103;0;60;15;0.0172413793103;1.72413793103;0;5;2;0;34;10;21;18;0.948275862069;0.689655172414;0.948275862069;0.051724137931;1.03448275862;1.5;9;1.0;0.333333333333;0.4;0;0;1;12;0.448275862069;0.0;0.51724137931;0.0;0.0;0.0344827586207;9;0;2;0;0;2;0.469678953627
513;5;30.0;0.0;0.0;0.0;0.766666666667;0.587777777778;0;0;1;0;0;1;3;0;4;0;0.0;20;62;60;0.0;2.33333333333;0;5;6;0;25;10;12;13;0.833333333333;0.9;0.866666666667;0.2;1.0;1.66666666667;2;1.0;0.0;0.0;0;0;0;6;0.1;0.0333333333333;0.833333333333;0.0;0.0;0.0333333333333;3;1;3;0;0;1;0.706666666667
514;5;56.0;0.0;0.0;0.0;1.0;1.0;1;1;1;0;0;1;0;2;4;1;0.107142857143;12;652;20;0.0;0.892857142857;0;3;7;0;29;10;16;12;1.0;0.892857142857;0.535714285714;1.0;0.446428571429;0.666666666667;15;0.705882352941;1.0;0.0;0;0;0;12;0.0;0.0;0.982142857143;0.0;0.0;0.0178571428571;0;0;1;0;0;1;0.964923469388
515;5;23.0;0.0;0.0;0.0;1.0;1.0;1;0;1;0;0;1;0;2;4;1;0.0869565217391;0;32;15;0.0;0.608695652174;0;0;3;0;14;3;7;7;0.869565217391;0.739130434783;0.652173913043;1.0;1.0;1.16666666667;0;1.0;;0.333333333333;0;0;0;5;0.0;0.0;1.0;0.0;0.0;0.0;0;0;2;0;0;0;1.0
516;5;12.0;0.0;0.0;0.0;1.0;1.0;1;0;1;0;0;1;1;2;4;0;0.0;0;100;15;0.0;1.66666666667;0;2;4;0;28;10;11;11;0.75;0.75;0.75;0.25;1.0;3.0;0;1.0;0.2;0.0;0;0;0;5;0.75;0.0;0.166666666667;0.0;0.0;0.0833333333333;4;0;1;0;0;1;0.597222222222
517;5;58.0;0.0;0.0;0.0;1.0;1.0;1;1;1;0;1;1;1;4;0;2;0.172413793103;0;200;30;0.0;2.58620689655;0;6;8;0;26;9;13;13;0.948275862069;1.12068965517;0.948275862069;1.12068965517;0.344827586207;1.2;0;1.0;1.0;0.0;0;0;0;8;0.241379310345;0.0172413793103;0.741379310345;0.0;0.137931034483;0.241379310345;4;1;5;0;2;4;0.685493460166
518;5;13.0;0.0;0.0;0.0;1.0;1.0;1;0;1;0;0;1;1;1;5;0;0.0;10;552;15;0.0;0.923076923077;0;1;2;0;25;2;13;13;1.0;1.0;0.615384615385;1.0;1.0;0.875;0;1.0;1.0;0.0;0;0;0;5;0.153846153846;0.0;0.692307692308;0.0;0.0769230769231;0.0769230769231;1;0;1;0;1;1;0.514792899408
519;5;34.0;0.0;0.0;0.0;1.0;1.0;1;1;1;0;0;0;1;5;1;0;0.382352941176;0;132;5;0.0294117647059;1.47058823529;0;6;2;0;18;7;11;12;0.970588235294;0.882352941176;0.823529411765;0.970588235294;0.970588235294;0.75;0;0.642857142857;1.0;0.0;0;0;0;4;0.0;0.0;0.970588235294;0.0;0.0;0.0294117647059;0;0;1;0;0;1;0.942906574394
520;5;32.0;0.0;0.0;0.0;1.0;1.0;1;1;1;0;0;0;1;0;5;1;0.6875;0;80;10;0.0;2.1875;0;2;2;0;30;11;20;17;1.0;0.6875;0.84375;1.0;1.0;1.5;0;1.0;1.0;0.0;0;0;0;6;0.0;0.0;1.0;0.0;0.0;0.0;0;0;2;0;0;0;1.0
521;5;40.0;0.0;0.0;0.0;1.0;1.0;1;1;1;0;0;0;2;0;5;0;0.025;40;80;10;0.0;1.0;0;5;2;0;14;1;3;10;0.75;0.25;0.5;0.8;0.8;0.75;0;1.0;;0.8;0;0;0;9;0.0;0.0;1.0;0.0;0.0;0.0;0;0;1;0;0;0;1.0
522;5;90.0;0.0;0.0;0.0;1.0;1.0;1;1;1;1;0;0;0;4;1;2;0.0555555555556;0;130;10;0.0;2.22222222222;0;7;2;0;22;12;15;12;1.0;1.0;1.0;0.9;1.0;1.2;0;0.4;0.0;0.5;0;0;0;9;0.0;0.0;1.0;0.0;0.0;0.0;0;0;3;0;0;0;1.0
525;5;100.0;0.0;0.0;0.0;1.0;1.0;1;1;1;1;0;1;0;0;5;2;0.03;2;128;15;0.0;0.6;0;8;2;0;26;9;13;8;0.8;0.5;0.5;0.7;1.0;0.857142857143;0;1.0;0.5;0.0666666666667;0;0;0;6;0.08;0.0;0.85;0.0;0.0;0.07;1;0;3;0;0;3;0.7338
526;5;104.0;0.0;0.0;0.0;1.0;1.0;1;1;1;0;0;1;0;5;1;1;0.0192307692308;3;112;20;0.0;2.40384615385;0;7;3;0;28;10;19;13;0.865384615385;0.961538461538;0.576923076923;0.0769230769231;0.961538461538;0.875;0;1.0;0.857142857143;0.0;0;0;0;5;0.384615384615;0.0192307692308;0.451923076923;0.0;0.0;0.144230769231;3;1;2;0;0;6;0.373335798817
527;5;30.0;0.0;0.0;0.0;1.0;1.0;1;1;1;0;0;1;6;0;0;1;0.0;0;168;5;0.0;1.0;0;2;3;0;18;5;6;8;0.133333333333;0.5;0.833333333333;0.0;0.0;1.5;0;0.833333333333;1.0;0.0;0;0;0;5;0.833333333333;0.0;0.166666666667;0.0;0.0;0.0;3;0;1;0;0;0;0.722222222222
528;5;51.0;0.0;0.0;0.0;1.0;1.0;1;1;1;0;0;1;6;0;0;1;0.0588235294118;2;280;20;0.0;5.33333333333;0;5;2;0;26;9;18;15;0.686274509804;1.33333333333;1.33333333333;0.0392156862745;0.078431372549;1.42857142857;0;1.0;1.0;0.0;0;0;0;4;0.941176470588;0.0;0.0588235294118;0.0;0.0;0.0;4;0;1;0;0;0;0.889273356401
529;5;140.0;0.0;0.0;0.0;1.0;1.0;1;1;1;1;0;1;0;1;4;2;0.0357142857143;48;140;10;0.0;1.07142857143;0;7;4;0;23;7;15;14;0.978571428571;0.714285714286;0.714285714286;0.25;0.978571428571;0.666666666667;5;0.75;0.882352941176;0.0;0;0;0;24;0.0357142857143;0.00714285714286;0.907142857143;0.0;0.0;0.05;1;1;3;0;0;2;0.826734693878
530;5;21.0;0.0;0.0;0.0;1.0;1.0;1;0;1;0;0;1;0;0;5;2;0.0;0;10;60;0.0;2.14285714286;0;2;4;0;19;7;11;14;1.0;0.809523809524;0.714285714286;1.0;1.0;2.0;0;0.666666666667;0.4;0.0;0;0;0;1;0.0;0.0;1.0;0.0;0.0;0.0;0;0;1;0;0;0;1.0
601;6;311.0;0.0771704180064;0.385852090032;0.443729903537;0.0932475884244;0.360428448837;1;1;1;1;0;1;0;0;4;3;0.0257234726688;1;200;28;0.0225080385852;0.463022508039;0;96;9;0;18;2;3;13;1.0;0.819935691318;0.167202572347;0.75884244373;0.974276527331;1.35294117647;2;1.0;1.0;0.0;1;4;4;2;0.0;0.225080385852;0.511254019293;0.0;0.0;0.263665594855;0;4;2;0;0;9;0.381561398249
602;6;375.0;0.0;0.0826666666667;0.44;0.477333333333;0.428280888889;1;1;1;1;0;1;1;0;4;2;0.024;1;27;10;0.0;1.952;0;26;6;0;18;0;7;13;1.0;1.0;0.306666666667;0.981333333333;0.893333333333;1.21052631579;0;1.0;0.555555555556;0.0;0;4;2;2;0.0;0.0613333333333;0.912;0.0;0.0;0.0266666666667;0;2;4;0;0;2;0.836216888889
603;6;94.0;0.0;0.031914893617;0.851063829787;0.117021276596;0.739022181983;1;0;1;0;0;1;0;0;6;1;0.031914893617;0;400;18;0.0;0.787234042553;0;15;2;0;16;1;9;12;0.159574468085;0.553191489362;0.563829787234;1.0;1.0;0.955555555556;0;0.606060606061;0.631578947368;0.0;0;1;1;1;0.0;0.0425531914894;0.936170212766;0.0;0.0;0.0212765957447;0;2;2;0;0;1;0.878678134903
604;6;124.0;0.00806451612903;0.161290322581;0.0241935483871;0.806451612903;0.677029136316;1;1;1;0;0;1;0;2;3;2;0.0241935483871;0;240;14;0.0;0.403225806452;10;22;3;0;11;0;1;10;0.806451612903;0.846774193548;0.532258064516;0.959677419355;1.0;0.971014492754;0;1.0;1.0;0.0;1;2;1;1;0.0;0.0322580645161;0.862903225806;0.0;0.0241935483871;0.0806451612903;0;2;3;0;1;3;0.752731529657
605;6;122.0;0.0245901639344;0.122950819672;0.344262295082;0.508196721311;0.392502015587;1;1;0;1;0;1;2;1;3;1;0.0;0;320;14;0.00819672131148;0.573770491803;0;29;4;0;17;1;2;14;0.893442622951;1.0;1.0;0.868852459016;0.696721311475;1.22222222222;0;1.0;1.0;0.0;2;4;3;3;0.0;0.0491803278689;0.926229508197;0.0;0.0;0.0245901639344;0;1;1;0;0;1;0.860924482666
606;6;171.0;0.0;0.0994152046784;0.0350877192982;0.865497076023;0.760199719572;1;1;0;1;0;0;0;1;4;2;0.0175438596491;0;960;69;0.00584795321637;0.672514619883;-12;27;4;0;15;0;3;13;0.0;0.649122807018;0.216374269006;1.0;1.0;1.14285714286;0;1.0;1.0;0.0;0;1;1;4;0.0;0.00584795321637;0.748538011696;0.0;0.12865497076;0.116959064327;0;1;3;0;1;7;0.59057487774
607;6;88.0;0.0;0.0;0.0340909090909;0.965909090909;0.934142561983;1;1;1;1;0;1;1;0;4;2;0.0;0;200;35;0.0227272727273;1.34090909091;1;11;5;0;12;0;4;9;0.0909090909091;0.772727272727;0.477272727273;0.988636363636;0.852272727273;1.21052631579;0;0.684210526316;0.51724137931;0.0;0;0;1;2;0.0;0.0795454545455;0.784090909091;0.0;0.0;0.136363636364;0;2;2;0;0;4;0.63972107438
608;6;176.0;0.0397727272727;0.0909090909091;0.130681818182;0.738636363636;0.572507747934;1;1;1;1;0;1;1;0;4;2;0.0;0;63;19;0.00568181818182;0.511363636364;0;43;6;0;16;1;9;11;1.0;1.0;0.482954545455;0.875;0.920454545455;1.81818181818;0;0.922077922078;1.0;0.0;1;2;1;2;0.0;0.107954545455;0.823863636364;0.0;0.0;0.0681818181818;0;2;3;0;0;4;0.695054235537
609;6;68.0;0.661764705882;0.0;0.338235294118;0.0;0.552335640138;1;1;1;0;0;1;1;5;0;1;0.0;0;320;90;0.0882352941176;1.82352941176;4;6;4;0;10;0;1;10;1.0;1.0;0.0735294117647;1.0;0.0;1.10526315789;0;0.666666666667;0.45;0.0;1;0;1;0;0.0;0.191176470588;0.558823529412;0.0;0.0;0.25;0;1;3;0;0;4;0.411332179931
610;6;435.0;0.0;0.358620689655;0.285057471264;0.35632183908;0.336831813978;1;1;1;1;0;1;5;0;0;2;0.0275862068966;0;350;24;0.00919540229885;0.245977011494;1;33;4;0;17;0;4;14;1.0;0.747126436782;0.0988505747126;1.0;0.83908045977;0.85;7;1.0;1.0;0.0;0;3;5;2;0.0;0.0252873563218;0.942528735632;0.0275862068966;0.0;0.00459770114943;0;2;5;1;0;2;0.889782005549
611;6;58.0;0.051724137931;0.310344827586;0.172413793103;0.465517241379;0.345422116528;1;1;1;1;0;1;6;0;0;1;0.155172413793;0;225;61;0.0;1.29310344828;7;14;3;0;13;2;2;9;1.0;0.810344827586;0.310344827586;1.0;1.0;0.578947368421;0;1.0;1.0;0.0;1;2;2;2;0.0;0.120689655172;0.724137931034;0.0;0.0;0.155172413793;0;3;1;0;0;2;0.563020214031
612;6;378.0;0.047619047619;0.777777777778;0.174603174603;0.0;0.637692113883;1;1;1;1;0;1;6;0;0;1;0.0952380952381;0;350;19;0.00529100529101;0.195767195767;0;20;3;0;12;0;4;8;1.0;0.521164021164;0.277777777778;1.0;0.119047619048;1.37142857143;0;1.0;1.0;0.0;1;7;7;0;0.0;0.248677248677;0.563492063492;0.0;0.0;0.187830687831;0;4;3;0;0;8;0.414644046919
613;6;981.0;0.0203873598369;0.616717635066;0.359836901121;0.00305810397554;0.510248233251;1;1;1;0;0;1;6;0;0;1;0.0122324159021;0;1;14;0.00611620795107;0.106014271152;0;65;3;0;16;0;1;16;0.0275229357798;0.229357798165;0.231396534149;0.992864424057;0.942915392457;1.34375;7;1.0;0.970297029703;0.0;2;3;4;1;0.0;0.072375127421;0.879714576962;0.00407747196738;0.0;0.0438328236493;0;3;3;1;0;8;0.781073838196
614;6;796.0;0.0163316582915;0.595477386935;0.388190954774;0.0;0.505552258781;1;1;1;1;0;1;5;0;0;2;0.0138190954774;0;450;19;0.00753768844221;0.219849246231;0;35;2;0;21;1;4;16;0.138190954774;0.282663316583;0.913316582915;0.0942211055276;0.157035175879;1.53301886792;1;1.0;0.936;0.0;1;4;3;0;0.0;0.0628140703518;0.909547738693;0.0;0.0;0.0276381909548;0;3;2;0;0;8;0.831986565996
615;6;324.0;0.132716049383;0.0617283950617;0.37037037037;0.435185185185;0.347984301174;1;1;1;1;0;1;0;3;0;4;0.108024691358;0;96;61;0.0154320987654;0.62962962963;16;69;3;0;15;1;5;9;0.104938271605;0.694444444444;0.231481481481;1.0;1.0;1.0652173913;9;1.0;1.0;0.0;4;2;2;1;0.0;0.154320987654;0.731481481481;0.0246913580247;0.0;0.0895061728395;0;3;3;1;0;4;0.567501143118
616;6;54.0;0.0;0.777777777778;0.185185185185;0.037037037037;0.640603566529;1;1;0;1;0;1;2;4;0;1;0.0555555555556;0;400;38;0.037037037037;1.33333333333;1;6;5;0;12;0;1;11;0.62962962963;0.703703703704;0.685185185185;0.981481481481;0.481481481481;0.888888888889;0;0.842105263158;0.3;0.0;0;1;2;1;0.0;0.333333333333;0.537037037037;0.0;0.0;0.12962962963;0;1;3;0;0;3;0.416323731139
617;6;152.0;0.769736842105;0.0;0.0526315789474;0.177631578947;0.626817867036;1;1;1;0;0;1;1;0;5;1;0.144736842105;0;194;10;0.0131578947368;0.131578947368;0;13;3;0;16;0;2;14;1.0;0.625;0.296052631579;0.967105263158;0.868421052632;1.35294117647;0;1.0;1.0;0.0;1;0;1;1;0.0;0.118421052632;0.651315789474;0.0;0.0;0.230263157895;0;2;2;0;0;5;0.491256925208
619;6;569.0;0.00527240773286;0.527240773286;0.467486818981;0.0;0.49655455722;1;1;1;1;0;1;5;0;0;2;0.0333919156415;0;25;27;0.00527240773286;0.369068541301;0;65;7;0;16;0;3;14;0.131810193322;0.316344463972;0.360281195079;0.959578207381;0.451669595782;1.28985507246;0;1.0;1.0;0.0;1;3;4;0;0.0;0.1230228471;0.789103690685;0.0;0.0;0.0878734622144;0;3;3;0;0;10;0.645541000924
620;6;122.0;0.0;0.5;0.5;0.0;0.5;1;1;1;1;0;1;1;4;0;2;0.0245901639344;0;39;51;0.0;0.696721311475;0;28;3;0;12;0;2;10;1.0;1.0;0.950819672131;0.860655737705;0.696721311475;0.933333333333;0;0.625;1.0;0.230769230769;0;3;4;0;0.0;0.0409836065574;0.918032786885;0.0245901639344;0.0;0.016393442623;0;2;2;1;0;1;0.845337274926
701;7;17.0;0.0;0.0;0.0;1.0;1.0;1;0;1;0;1;1;5;0;2;0;0.117647058824;0;1;30;0.0;1.76470588235;4;3;5;0;6;0;2;6;0.882352941176;1.0;1.0;1.0;0.647058823529;2.0;0;1.0;1.0;0.0;0;0;0;5;0.0;0.117647058824;0.882352941176;0.0;0.0;0.0;0;1;2;0;0;0;0.792387543253
702;7;11.0;0.0;0.0;0.0;1.0;1.0;1;0;1;0;1;1;6;0;1;0;0.0;1;105;5;0.0;2.0;2;1;7;0;14;0;1;14;1.0;1.0;1.0;0.0;0.0;1.5;0;1.0;1.0;0.0;0;0;0;6;0.0909090909091;0.0;0.818181818182;0.0;0.0;0.0909090909091;1;0;1;0;0;1;0.685950413223
703;7;100.0;0.0;0.0;0.0;1.0;1.0;1;1;1;0;1;1;3;0;3;1;0.0;1;4;3;0.03;1.88;5;7;6;0;16;2;3;14;0.78;0.85;1.0;0.78;0.07;0.666666666667;0;1.0;1.0;0.0;0;0;0;7;0.07;0.06;0.86;0.0;0.0;0.01;1;2;3;0;0;1;0.7482
704;7;37.0;0.027027027027;0.0540540540541;0.486486486486;0.432432432432;0.427319211103;1;0;1;0;1;1;3;2;0;2;0.027027027027;0;613;25;0.0;1.94594594595;0;3;2;0;12;2;2;10;0.0;1.0;0.351351351351;0.351351351351;0.135135135135;2.22222222222;0;1.0;1.0;0.25;1;1;2;4;0.0;0.027027027027;0.567567567568;0.0;0.324324324324;0.0810810810811;0;1;3;0;1;3;0.434623813002
705;7;153.0;0.326797385621;0.267973856209;0.241830065359;0.16339869281;0.263787432184;1;1;1;0;1;1;4;0;0;3;0.0261437908497;1;5;15;0.0261437908497;0.78431372549;4;11;8;0;14;1;2;12;0.503267973856;1.0;1.0;0.653594771242;0.0;0.613636363636;0;1.0;0.666666666667;0.0;2;4;3;2;0.0980392156863;0.143790849673;0.712418300654;0.0326797385621;0.0;0.0196078431373;2;3;4;1;0;1;0.539279764193
706;7;283.0;0.558303886926;0.0106007067138;0.43109540636;0.0;0.497658854524;1;1;1;1;1;1;5;0;0;2;0.0353356890459;2;55;6;0.0106007067138;0.727915194346;3;11;8;0;11;1;2;10;0.625441696113;0.731448763251;1.0;0.47703180212;0.0353356890459;1.69230769231;1;1.0;1.0;0.0;2;1;2;0;0.0;0.141342756184;0.742049469965;0.0;0.0;0.116607773852;0;3;5;0;0;11;0.584212563523
707;7;44.0;0.0;0.227272727273;0.0909090909091;0.681818181818;0.52479338843;1;0;1;0;1;1;4;1;0;2;0.0;1;52;10;0.0227272727273;1.86363636364;2;5;6;0;8;0;1;8;0.886363636364;0.977272727273;0.977272727273;0.340909090909;0.227272727273;1.66666666667;0;1.0;1.0;0.230769230769;0;1;1;4;0.0909090909091;0.0454545454545;0.795454545455;0.0;0.0227272727273;0.0454545454545;2;2;4;0;1;2;0.645661157025
708;7;303.0;0.528052805281;0.201320132013;0.171617161716;0.0990099009901;0.358624971408;1;1;1;1;1;1;3;3;0;1;0.115511551155;0;2;6;0.016501650165;0.0990099009901;4;6;6;0;9;0;1;8;0.825082508251;0.811881188119;1.0;0.19801980198;0.13201320132;1.35294117647;1;1.0;1.0;0.0;3;3;1;2;0.023102310231;0.0990099009901;0.831683168317;0.0;0.0;0.046204620462;1;3;6;0;0;6;0.704168436646
709;7;79.0;0.0;0.0;0.0;1.0;1.0;1;1;1;0;1;1;4;0;1;2;0.0632911392405;1;90;21;0.0126582278481;0.354430379747;0;7;6;0;12;0;3;10;0.759493670886;1.0;1.0;1.0;0.569620253165;0.631578947368;0;1.0;1.0;0.0;0;0;0;8;0.0;0.0506329113924;0.822784810127;0.0;0.0;0.126582278481;0;2;2;0;0;1;0.695561608717
710;7;55.0;0.418181818182;0.0;0.0909090909091;0.490909090909;0.424132231405;1;0;1;0;1;1;6;1;0;0;0.0;1;0;6;0.0181818181818;0.545454545455;3;4;5;0;7;0;0;7;0.454545454545;0.636363636364;1.03636363636;0.6;0.363636363636;1.07142857143;0;1.0;1.0;0.0;3;0;1;3;0.0;0.2;0.727272727273;0.0;0.0;0.0727272727273;0;2;4;0;0;2;0.574214876033
711;7;296.0;0.0810810810811;0.452702702703;0.0;0.466216216216;0.428871439007;1;1;1;1;1;1;3;0;2;2;0.10472972973;1;0;40;0.0;1.86486486486;8;31;11;0;14;5;3;9;0.155405405405;0.993243243243;1.0;0.97972972973;0.341216216216;1.18181818182;11;1.0;1.0;0.3;2;3;0;8;0.219594594595;0.165540540541;0.483108108108;0.0;0.0168918918919;0.114864864865;1;3;2;0;1;8;0.32249817385
712;7;127.0;0.503937007874;0.141732283465;0.283464566929;0.0708661417323;0.359414718829;1;1;1;1;1;1;2;1;1;3;0.0;1;60;50;0.00787401574803;0.314960629921;8;7;7;0;11;2;4;9;0.267716535433;0.582677165354;1.0;0.968503937008;0.236220472441;1.3488372093;1;1.0;1.0;0.0;11;2;1;1;0.0;0.181102362205;0.503937007874;0.0;0.0;0.314960629921;0;4;3;0;0;10;0.385950771902
713;7;296.0;0.422297297297;0.0101351351351;0.266891891892;0.300675675676;0.340074872169;1;1;1;1;1;1;0;1;3;3;0.108108108108;2;0;10;0.00675675675676;0.581081081081;7;17;5;0;9;1;2;9;0.601351351351;0.966216216216;1.0;0.72972972973;0.0844594594595;0.956043956044;3;1.0;1.0;0.230769230769;4;1;2;6;0.00675675675676;0.097972972973;0.692567567568;0.0;0.0;0.202702702703;1;2;5;0;0;5;0.530382578524
714;7;53.0;0.0;0.0;0.0;1.0;1.0;1;0;1;0;1;1;4;2;0;1;0.0188679245283;1;402;12;0.0188679245283;1.50943396226;4;10;4;0;24;3;3;20;0.22641509434;1.0;1.0;1.0;0.0566037735849;2.18181818182;9;1.0;1.0;0.0;0;0;0;11;0.0943396226415;0.358490566038;0.301886792453;0.0;0.22641509434;0.0188679245283;1;2;2;0;1;1;0.280170879316
715;7;23.0;0.0;0.0;0.217391304348;0.782608695652;0.659735349716;1;0;1;0;1;1;6;0;1;0;0.217391304348;1;105;3;0.0;0.95652173913;3;2;7;0;18;2;1;16;0.95652173913;0.95652173913;1.0;0.217391304348;0.260869565217;4.0;0;1.0;1.0;0.5;0;0;1;4;0.130434782609;0.0434782608696;0.826086956522;0.0;0.0;0.0;1;1;2;0;0;0;0.701323251418
716;7;112.0;0.1875;0.0;0.8125;0.0;0.6953125;1;0;1;0;1;1;4;1;0;2;0.160714285714;1;614;22;0.0357142857143;0.392857142857;4;8;3;0;14;1;0;14;0.625;0.758928571429;1.0;0.803571428571;0.0625;0.96;0;1.0;1.0;0.0;3;0;3;0;0.0;0.151785714286;0.75;0.0;0.0892857142857;0.00892857142857;0;2;4;0;1;1;0.593590561224
717;7;117.0;0.512820512821;0.162393162393;0.0;0.324786324786;0.39484257433;1;0;1;0;1;1;5;0;0;2;0.017094017094;1;25;8;0.0;0.769230769231;1;5;9;0;7;0;0;7;0.854700854701;0.854700854701;1.0;0.401709401709;0.17094017094;1.07692307692;0;1.0;0.588235294118;0.0;2;2;0;4;0.128205128205;0.128205128205;0.700854700855;0.0;0.0;0.042735042735;1;1;4;0;0;1;0.525896705384
718;7;220.0;0.277272727273;0.0772727272727;0.586363636364;0.0590909090909;0.430165289256;1;1;1;1;1;1;1;1;0;5;0.25;2;4;4;0.00454545454545;0.0454545454545;3;11;6;0;7;0;1;7;1.0;0.572727272727;1.0;0.909090909091;0.227272727273;0.935483870968;1;1.0;1.0;0.133333333333;18;6;6;4;0.0;0.231818181818;0.622727272727;0.0;0.0;0.145454545455;0;3;4;0;0;7;0.462685950413
719;7;34.0;0.0;0.0;0.0;1.0;1.0;1;0;1;0;1;1;5;2;0;0;0.117647058824;1;800;25;0.0;2.0;8;3;5;0;9;1;0;8;0.0;0.970588235294;0.970588235294;0.970588235294;0.823529411765;0.8;29;1.0;1.0;0.0;0;0;0;5;0.0;0.176470588235;0.764705882353;0.0;0.0588235294118;0.0;0;2;2;0;1;0;0.61937716263
720;7;151.0;0.0;0.152317880795;0.529801324503;0.317880794702;0.404938379896;1;1;1;0;1;1;4;2;0;1;0.0264900662252;1;0;10;0.0;0.741721854305;3;8;7;0;14;1;2;13;0.860927152318;0.973509933775;1.0;1.0;0.165562913907;1.11475409836;0;1.0;1.0;0.25;0;3;1;3;0.0132450331126;0.0264900662252;0.741721854305;0.0;0.158940397351;0.0596026490066;1;2;3;0;2;1;0.579842989343
